,none,random,bt,metacontrol,rosa,planta
none,,0.9988617838639768,0.999999999597291,0.9999999991089008,0.9999999981000194,0.9999932456182994
random,0.001194276324400266,,0.9996878965605818,0.998700000305794,0.9979392788944337,0.9554957481107271
bt,4.4009039527968856e-10,0.0003299709761921036,,0.050126255961096995,0.008872822161750657,0.3022761818915368
metacontrol,9.721029791069905e-10,0.0013664643579431204,0.9513854708809854,,0.16752490444597135,0.4823020630444338
rosa,2.069259160797825e-09,0.002161783705266272,0.9914766999041942,0.8361662549101028,,0.5820746224044921
planta,7.202632199193373e-06,0.045949271135435954,0.7028659663760803,0.5235912283650845,0.42371309013975983,
