,none,random,bt,metacontrol,rosa,planta
none,,1.3477741293931084e-11,1.7681877490579597e-13,1.7681877490579597e-13,1.7681877490579597e-13,1.7681877490579597e-13
random,0.9999999999879172,,0.999999919172055,0.999999919172055,0.999999919172055,0.9999947060969991
bt,0.999999999999842,8.773842355641953e-08,,1.5099296795810785e-11,1.5099296795810785e-11,1.5099296795810785e-11
metacontrol,0.999999999999842,8.773842355641953e-08,0.9999999999863444,,8.031064541499479e-07,1.5099296795810785e-11
rosa,0.999999999999842,8.773842355641953e-08,0.9999999999863444,0.9999992540979916,,1.5099296795810785e-11
planta,0.999999999999842,5.6768126616757575e-06,0.9999999999863444,0.9999999999863444,0.9999999999863444,
