,none,random,bt,metacontrol,rosa,planta
none,,0.2621934929245233,0.9999999999740659,0.9999999998678526,0.9999999996404403,0.9999999999740659
random,0.7426065546118699,,0.9999999975507935,0.9999999951135603,0.9999999941538409,0.9999999975507935
bt,2.8640046254848826e-11,2.6770499436840913e-09,,0.010797917103440963,0.017406060665320564,0.5029775526866567
metacontrol,1.454078675722545e-10,5.3316861536851205e-09,0.9896173340093767,,0.2667822314470491,0.9896173340093767
rosa,3.947377816895735e-10,6.3759686131487954e-09,0.98322120125512,0.7380669404865702,,0.98322120125512
planta,2.8640046254848826e-11,2.6770499436840913e-09,0.5029775526866567,0.010797917103440963,0.017406060665320564,
