,none,random,bt,metacontrol,rosa,planta
none,,3.04089580254085e-07,0.9999999999871229,0.9999999999819711,0.9999999999867178,0.9999999932489823
random,0.9999997184639776,,0.99999999998842,0.999999999987999,0.9999999999880524,0.9999999999879147
bt,1.4242044254500223e-11,1.2813309118888745e-11,,0.006685230971430111,0.016794860834816513,4.344176465213152e-06
metacontrol,1.9923979612247744e-11,1.3277120138393189e-11,0.9935869044247719,,0.593644313975964,7.429402580530119e-05
rosa,1.4688014975413986e-11,1.321831749395255e-11,0.9838133548660882,0.41210963459308625,,9.907427551100056e-06
planta,7.359959898679905e-09,1.3370006839159322e-11,0.9999959453974318,0.999930010845438,0.9999907288327029,
