,none,random,bt,metacontrol,rosa,planta
none,,2.6878851352536894e-06,0.9928786375833621,0.7704697690469087,0.6248305152901199,0.06474984623096357
random,0.9999974948655651,,0.9999999975507935,0.9999999951135603,0.9999999941538409,0.9999976656826014
bt,0.007419750842116707,2.6770499436840913e-09,,0.010797917103440963,0.017406060665320564,0.0025121563683413914
metacontrol,0.23404602034034927,5.3316861536851205e-09,0.9896173340093767,,0.2667822314470491,0.001657924571470972
rosa,0.3807952703624097,6.3759686131487954e-09,0.98322120125512,0.7380669404865702,,0.001182661702304117
planta,0.9370990839342046,2.505134434877874e-06,0.9976008777678793,0.9984194720763427,0.9988741411812881,
