,bt,rosa,planta
bt,,1.5099296795810785e-11,1.5099296795810785e-11
rosa,0.9999999999863444,,4.959314309474001e-11
planta,0.9999999999863444,0.999999999955033,
