,bt,rosa,planta
bt,,0.02091076702942203,0.18731926689629402
rosa,0.9798223603122697,,0.7474436136598397
planta,0.81663492254886,0.2573114164812449,
