,bt,rosa,planta
bt,,0.01018995784663052,1.5986900509042e-05
rosa,0.9902047209944583,,0.0008976443091842219
planta,0.9999850175693232,0.999146446388669,
