,bt,rosa,planta
bt,,0.30956103784262007,0.015035426155900377
rosa,0.6951598908960308,,0.03699702306118439
planta,0.9854668874331463,0.9640762836894381,
