,bt,rosa,planta
bt,,0.01794934120457201,0.027210102191483468
rosa,0.982636280745742,,0.24854030487724993
planta,0.973622904814556,0.7557001387685262,
