,bt,rosa,planta
bt,,5.059095693501477e-11,3.255657150506507e-12
rosa,0.9999999999537118,,5.528386666029376e-11
planta,0.999999999997037,0.999999999949409,
