,none,random,bt,metacontrol,rosa,planta
none,,1.5559457403843982e-05,0.999999999986743,0.9999999998722251,0.9999999993995242,0.9999996174121959
random,0.999985424237733,,0.9999999999880524,0.9999999999780242,0.9999999999704313,0.9999999093266828
bt,1.4660348752261564e-11,1.321831749395255e-11,,0.02767611875737687,0.0024161944958193786,0.018183039207400973
metacontrol,1.4060252111380057e-10,2.4280934552710636e-11,0.973252115173131,,0.1451556278918698,0.07678217082439412
rosa,6.584429277345469e-10,3.2649522119747894e-11,0.9976928308111687,0.8581912738845485,,0.14181876605857335
planta,4.127428471714042e-07,9.82482175095377e-08,0.9824672255589721,0.9253265361723066,0.8614755042771038,
